Domain,Freq
worldnewsdailyreport.com,14
yournewswire.com,10
empirenews.net,3
realnewsrightnow.com,3
channel45news.com,3
viralactions.com,3
civictribune.com,3
witscience.org,2
newsexaminer.net,2
www.breakingnews365.net,2
heaviermetal.net,2
nymeta.co,2
www.12minutos.com,2
channel28news.com,2
news4ktla.com,2
msnbc.website,2
newswatch33.com,2
thevalleyreport.com,2
straightstoned.com,2
abcnews.com.co,2
celebtricity.com,2
newshubs.info,2
notallowedto.com,2
scrapetv.com,2
channel22news.com,2
dailycurrant.com,2
thelastlineofdefense.org,2
tmzhiphop.com,2
cartelpress.com,2
nationalreport.net,2
empireherald.com,2
stuppid.com,2
now8news.com,2
thebostontribune.com,2
sundayinquirer.com,2
rilenews.com,2
burrardstreetjournal.com,2
unitedmediapublishing.com,2
viralmugshot.com,2
ncscooper.com,2
channel24news.com,2
theseattletribune.com,2
globalassociatednews.com,2
thenewsnerd.com,2
empiresports.co,2
mediamass.net,2
freddymag.com,2
satiratribune.com,2
bizstandardnews.com,2
adobochronicles.com,2
newslo.com,2
newsbuzzdaily.com,2
www.breakingnews247.net,2
theracketreport.com,2
hotglobalnews.com,2
huzlers.com,2
tmzbreaking.com,2
thenationalsun.com,2
react365.com,2
dailyfinesser.com,2
associatedmediacoverage.com,2
thereporterz.com,2
lopezreport.com,1
mckenziepost.com,1
www.burrardstreetjournal.com,1
dailynews3.com,1
qualitysharing.com,1
folksvideo.com,1
localnews33.com,1
freeinquirer.com,1
abcnews-us.com,1
breakingnews247.net,1
newspunch.com,1
actualite.co,1
20minutenews.com,1
news14kgpn.com,1
www.borderherald.com,1
jokerviral.com,1
net-infosnews.com,1
channel33news.com,1
usadailytime.com,1
redcountry.us,1
tmzworldnews.com,1
wrejnews.com,1
vancouverinquirer.com,1
reaganwasright.com,1
en-bref.fr,1
jacksontelegraph.com,1
denverguardian.com,1
breakingnews365.net,1
newsfeedhunter.com,1
smhwtfnews.com,1
toutelinfo.fr,1
channel40news.com,1
baldwinpost.com,1
www.redcountry.us,1
dailynews11.com,1
channel62news.com,1
channel65news.com,1
channel5000.com,1
uspoln.com,1
nachrichten.de.com,1
landrypost.com,1
channel34news.com,1
wmb36.com,1
tmzcomedy.com,1
www.actualite.co,1
headlinebrief.com,1
everydaybreakingnews.com,1
thefrt.com,1
cnoticias.net,1
tmzuncut.com,1
mbynews.com,1
knp7.com,1
washingtonevening.com,1
houstonleader.com,1
clancyreport.com,1
channel17news.com,1
newsdaily10.com,1
areyousleep.com,1
dailyworldupdate.com,1
dallastimes.us,1
persecutes.com,1
pressunion.org,1
drugsofficial.com,1
undergroundnewsreport.com,1
viralstupid.com,1
houstonchronicle-tv.com,1
alabamaobserver.com,1
thenochill.com,1
cnn.com.de,1
km8news.com,1
channel77news.com,1
channel59news.com,1
klponews.com,1
viralpropaganda.com,1
wleb21.com,1
ky6news.com,1
fedsalert.com,1
kypo6.com,1
sundaypost.org,1
channel56news.com,1
floridasunpost.com,1
surreytelegraph.com,1
www.noticias-frescas.com,1
news14now.com,1
superstation95.com,1
dailynews33.com,1
thelastlineofdefense.online,1
oreillypost.com,1
badcriminals.com,1
channel60news.com,1
thenewyorkevening.com,1
krbcnews.com,1
timesofcambodia.com,1
scaryhours.com,1
cnn-internationaledition.com,1
newsdaily27.com,1
politicops.com,1
channel46news.com,1
mississippiherald.com,1
journaldemourreal.com,1
wtoe5news.com,1
tmzworldstarnews.com,1
wmacnews.com,1
wm21news.com,1
unitednews.org,1
channel16news.com,1
thebreakingnews.co,1
www.react365.com,1
12minutos.com,1
channel66news.com,1
americanflavor.news,1
newsconservative.com,1
telegraphsun.com,1
countyweekly.com,1
channel23news.com,1
cartelreport.com,1
tmzworldstar.com,1
dublintribune.com,1
neonnettle.com,1
channel68news.com,1
ladiesofliberty.net,1
weconservative.com,1
www.abcnews-us.com,1
wrpt16.com,1
24x365live.com,1
weekendherald.com,1
alynews.com,1
christiantimesnewspaper.com,1
potatriotpost.com,1
cnn-globalnews.com,1
sydneybulletin.com,1
newsbiscuit.com,1
notizzia.com,1
wftj8news.com,1
mrnewswatch.com,1
freewoodpost.com,1
channel18news.com,1
battypost.com,1
kspm33.com,1
kmt11.com,1
nachrichten365.com,1
denverinquirer.com,1
channel55news.com,1
wcpm3.com,1
maywoodpost.com,1
redinfo.us,1
channel63news.com,1
politicot.com,1
baltimoregazette.com,1
kupr7.com,1
ky12news.com,1
newjournal.us,1
bostonleader.com,1
kata33.com,1
24aktuelles.com,1
alertchild.com,1
www.celebtricity.com,1
borderherald.com,1
viralspeech.com,1
albertatimes.com,1
newsnow17.com,1
viraldevil.com,1
noticias-frescas.com,1
dailynews5.com,1
